Epoch,Cycle,Episodes,Timesteps,TimeCost(sec),Pi_q_loss,Pi_l2_loss,Q_loss,Success/custom
0/20,0/20,50,2500,55.80242991447449,,,,0.0
0/20,1/20,100,5000,75.31182169914246,,,,0.0
0/20,2/20,150,7500,92.65109467506409,,,,0.01
