Epoch,Cycle,Episodes,Timesteps,TimeCost(sec),Pi_q_loss,Pi_l2_loss,Q_loss,Success/custom
0/20,0/20,50,2500,53.360029458999634,,,,0.0
0/20,1/20,100,5000,54.45244646072388,,,,0.0
0/20,2/20,150,7500,57.421704053878784,,,,0.0
